author,2020,2021,2022,2023,2024
Wenke Lee,2,0,0,2,0
Shawn Shan,2,2,6,2,6
Emily Wenger,2,2,4,2,0
Bolun Wang,2,0,0,0,0
Bo Li,2,8,2,10,8
Haitao Zheng,2,2,6,2,2
Ben Y. Zhao,2,2,6,2,6
Ren Pang,2,2,2,2,2
Hua Shen,4,0,0,0,0
Xinyang Zhang,4,0,0,0,0
Shouling Ji,12,6,6,6,8
Yevgeniy Vorobeychik,2,0,2,0,0
Xiapu Luo,4,4,4,4,0
Alex X. Liu,2,0,0,0,0
Ting Wang,8,8,6,4,4
Yu Li,2,0,2,0,0
Min Li,2,0,0,0,0
Bo Luo,2,0,2,0,4
Ye Tian,2,0,0,0,0
Qiang Xu,2,0,2,0,0
Junyu Lin,2,0,0,0,0
Lei Xu,2,0,0,0,0
Yingqi Liu,2,0,6,6,0
Xiangyu Zhang,2,0,6,8,10
Ben Nassi,2,0,0,0,2
Yisroel Mirsky,2,0,0,0,2
Dudi Nassi,2,0,0,0,0
Raz Ben-Netanel,2,0,0,0,0
Oleg Drokin,2,0,0,0,0
Yuval Elovici,2,0,0,0,0
Dingfan Chen,2,0,0,0,0
Ning Yu,2,0,2,2,0
Yang Zhang,2,10,24,10,26
Mario Fritz,4,2,2,4,2
Santiago Zanella Béguelin,2,0,0,4,2
Lukas Wutschitz,2,0,0,2,2
Shruti Tople,2,2,2,4,2
Victor Rühle,2,0,0,0,0
Andrew Paverd,2,0,0,2,2
Olga Ohrimenko,2,2,0,0,0
Boris Köpf,2,0,0,2,2
Marc Brockschmidt,2,0,0,0,0
Congzheng Song,2,0,0,0,0
Ananth Raghunathan,2,0,0,0,0
Marco Romanelli,2,0,0,0,0
Konstantinos Chatzikokolakis,2,0,0,0,0
Catuscia Palamidessi,2,0,0,0,2
Pablo Piantanida,2,0,0,0,0
Xiaohan Zhang,2,0,0,2,0
Yuan Zhang,2,0,0,2,2
Ming Zhong,2,0,0,0,0
Daizong Ding,2,0,0,0,0
Yinzhi Cao,2,2,0,4,4
Yukun Zhang,2,0,0,0,0
Mi Zhang,6,0,4,2,4
Min Yang,8,0,2,4,4
Shu Wang,2,0,0,0,4
Jiahao Cao,2,0,0,0,0
Xu He,2,0,0,0,0
Kun Sun,2,2,0,0,8
Qi Li,2,6,2,10,28
Zhuohang Li,2,2,0,0,2
Yi Wu,2,0,0,0,0
Jian Liu,2,2,2,0,2
Yingying Chen,2,2,0,0,0
Bo Yuan,2,2,0,0,0
Chenghui Shi,2,0,0,0,0
Qianjun Liu,2,0,0,0,0
Changchang Liu,2,0,0,0,0
Yuefeng Chen,2,0,0,0,0
Yuan He,2,0,0,0,2
Zhe Liu,2,0,0,0,0
Raheem Beyah,2,2,0,0,0
Sahar Abdelnabi,2,2,0,2,0
Katharina Krombholz,2,0,0,0,0
Victor Zeng,2,0,0,0,0
Xin Zhou,2,0,0,0,0
Shahryar Baki,2,0,0,0,0
Rakesh M. Verma,2,0,0,0,0
Sadia Afroz,2,0,0,0,0
Nicholas Carlini,4,2,4,2,4
Ambra Demontis,2,0,2,0,0
Giada Stivala,2,0,0,0,0
Giancarlo Pellegrino,2,0,0,0,0
Tao Chen,2,0,0,0,0
Longfei Shangguan,2,0,0,0,0
Zhenjiang Li,2,0,0,0,0
Kyle Jamieson,2,0,0,0,0
Qiben Yan,2,0,4,0,0
Kehai Liu,2,0,0,0,0
Qin Zhou,2,0,0,0,0
Hanqing Guo,2,0,2,0,0
Ning Zhang,2,0,2,4,6
Benjamin E. Ujcich,2,0,0,0,0
Samuel Jero,2,0,0,0,0
Richard Skowyra,2,0,0,0,0
Steven R. Gomez,2,0,0,0,0
Adam Bates,2,0,0,2,2
William H. Sanders,2,0,0,0,0
Hamed Okhravi,2,0,0,0,0
Shivam Bhasin,2,0,0,0,0
Anupam Chattopadhyay,2,0,0,0,0
Annelie Heuser,2,0,0,0,0
Dirmanto Jap,2,0,0,0,0
Stjepan Picek,2,0,4,2,2
Ritu Ranjan Shrivastwa,2,0,0,0,0
Honggang Yu,2,0,0,0,0
Kaichen Yang,2,0,0,0,0
Teng Zhang,2,0,0,0,0
Yun-Yun Tsai,2,0,0,0,0
Tsung-Yi Ho,2,0,0,0,0
Yier Jin,2,0,0,0,0
Hojjat Aghakhani,2,0,0,0,2
Fabio Gritti,2,0,0,0,0
Francesco Mecca,2,0,0,0,0
Martina Lindorfer,2,0,0,0,0
Stefano Ortolani,2,0,0,0,0
Davide Balzarotti,2,2,0,2,0
Giovanni Vigna,2,0,0,0,2
Christopher Kruegel,2,0,0,0,2
Benjamin Zi Hao Zhao,2,2,0,0,4
Hassan Jameel Asghar,2,0,0,0,0
Mohamed Ali Kâafar,2,0,0,0,0
Jairo Giraldo,2,0,0,0,0
Alvaro A. Cárdenas,2,0,0,0,0
Murat Kantarcioglu,2,0,0,4,0
Jonathan Katz,2,0,0,0,0
Steve T. K. Jan,2,2,0,0,0
Qingying Hao,2,4,0,2,2
Tianrui Hu,2,0,0,0,0
Jiameng Pu,2,2,0,2,0
Sonal Oswal,2,0,0,0,0
Gang Wang,2,6,2,8,4
Bimal Viswanath,2,2,0,2,2
Jianbo Chen,2,0,0,0,0
Michael I. Jordan,2,0,0,0,0
Martin J. Wainwright,2,0,0,0,0
Roei Schuster,2,0,0,2,0
Tal Schuster,2,0,0,0,0
Yoav Meri,2,0,0,0,0
Vitaly Shmatikov,2,2,2,0,4
Xudong Pan,4,0,4,2,4
Fabio Pierazzi,2,0,4,2,0
Feargus Pendlebury,2,0,4,2,0
Jacopo Cortellazzi,2,0,0,2,0
Lorenzo Cavallaro,2,0,4,2,0
Jiachen Sun,2,0,0,0,2
Yulong Cao,2,2,2,2,0
Qi Alfred Chen,4,4,6,0,8
Z. Morley Mao,2,0,2,2,2
Junjie Shen,2,2,2,0,0
Jun Yeon Won,2,0,0,0,0
Zeyuan Chen,2,0,0,0,4
Varun Chandrasekaran,2,2,0,0,0
Kamalika Chaudhuri,2,0,0,0,0
Irene Giacomelli,2,0,0,0,0
Somesh Jha,2,0,4,4,0
Songbai Yan,2,0,0,0,0
Fnu Suya,2,0,0,0,0
Jianfeng Chi,2,0,0,0,2
David Evans,2,0,2,2,4
Yuan Tian,2,0,0,0,2
Matthew Jagielski,2,4,2,4,6
David Berthelot,2,0,0,0,0
Alex Kurakin,2,0,0,0,0
Nicolas Papernot,2,4,4,2,0
Erwin Quiring,2,0,2,2,0
David Klein,2,0,0,0,0
Daniel Arp,2,0,2,0,0
Martin Johns,2,0,0,0,0
Konrad Rieck,2,0,2,4,0
Jinfeng Li,2,4,0,0,0
Tianyu Du,2,2,0,2,2
Rong Zhang,2,0,0,0,0
Quan Lu,2,0,0,0,0
Fan Yao,2,0,2,0,2
Adnan Siraj Rakin,2,2,2,0,4
Deliang Fan,2,2,2,0,2
Klas Leino,2,0,0,0,0
Matt Fredrikson,2,0,0,0,0
Minghong Fang,2,2,0,0,2
Xiaoyu Cao,2,2,2,2,0
Jinyuan Jia,2,4,8,6,10
Neil Zhenqiang Gong,2,8,8,10,10
Duocai Wu,2,0,0,0,0
Qifan Xiao,2,0,0,2,0
Ningfei Wang,2,4,2,0,0
Mengjia Yan,2,0,0,0,0
Christopher W. Fletcher,2,0,0,0,0
Josep Torrellas,2,0,0,0,0
Yizheng Chen,2,4,0,0,0
Shiqi Wang,2,4,0,0,0
Dongdong She,2,0,0,0,0
Suman Jana,2,4,0,0,2
Yuxuan Chen,2,0,0,0,0
Xuejing Yuan,2,0,0,0,0
Jiangshan Zhang,2,0,0,2,0
Yue Zhao,2,2,0,0,4
Shengzhi Zhang,2,2,0,4,4
Kai Chen,2,4,2,10,12
XiaoFeng Wang,2,2,2,0,8
Muhammad Ejaz Ahmed,2,0,0,0,0
Il-Youp Kwak,2,0,0,0,0
Jun Ho Huh,2,0,0,0,0
Iljoo Kim,2,0,0,0,0
Taekkyung Oh,2,0,0,0,0
Hyoungshick Kim,2,0,2,0,2
Brian Kondracki,0,2,0,0,0
Babak Amin Azad,0,2,0,0,0
Oleksii Starov,0,2,0,0,0
Nick Nikiforakis,0,2,0,0,0
Yihe Zhang,0,2,0,0,0
Xu Yuan,0,2,0,0,0
Jin Li,0,2,0,2,0
Jiadong Lou,0,2,0,0,0
Li Chen,0,2,0,0,0
Nian-Feng Tzeng,0,2,0,0,0
Licheng Luo,0,2,2,0,0
Baolin Zheng,0,2,0,0,0
Peipei Jiang,0,2,0,0,4
Qian Wang,0,2,2,4,10
Chao Shen,0,2,4,4,6
Cong Wang,0,2,2,0,4
Yunjie Ge,0,2,0,0,6
Qingyang Teng,0,2,0,0,0
Shenyi Zhang,0,2,0,0,4
Jiaming Mu,0,2,0,0,0
Binghui Wang,0,2,0,0,8
Mingwei Xu,0,2,0,0,2
Zhuotao Liu,0,2,0,2,6
Alireza Bahramali,0,4,0,2,0
Milad Nasr,0,4,4,2,2
Amir Houmansadr,0,6,4,4,0
Dennis Goeckel,0,2,0,0,0
Don Towsley,0,2,0,0,0
Hong Zhu,0,2,0,2,0
Max Bronckers,0,2,0,0,0
Christian Cianfarani,0,2,0,0,0
Jenna Cryan,0,2,0,2,0
Angela Sha,0,2,0,0,0
Tong Zhu,0,2,0,0,0
Yan Meng,0,4,0,0,0
Haotian Hu,0,2,0,0,0
Xiaokuan Zhang,0,2,0,0,0
Minhui Xue,0,6,0,8,20
Haojin Zhu,0,6,0,0,4
Yue Qin,0,2,0,2,0
Xiaojing Liao,0,2,0,2,6
David A. Wagner,0,2,0,0,0
Ryan Sheatsley,0,2,0,2,0
Blaine Hoak,0,2,0,2,0
Eric Pauley,0,2,0,2,0
Yohan Beugin,0,2,0,0,0
Michael J. Weisman,0,2,0,0,0
Patrick D. McDaniel,0,2,0,2,0
Lujia Shen,0,4,0,0,2
Yao Zhang,0,2,0,0,0
Jie Shi,0,4,0,2,2
Chengfang Fang,0,4,0,2,0
Jianwei Yin,0,4,2,2,0
Linyi Li,0,2,0,2,0
Maurice Weber,0,2,0,2,0
Xiaojun Xu,0,4,0,4,0
Luka Rimanic,0,4,0,0,0
Bhavya Kailkhura,0,2,0,0,0
Tao Xie,0,2,0,2,0
Ce Zhang,0,4,2,2,0
Mohammad Malekzadeh,0,2,0,0,0
Anastasia Borovykh,0,2,0,0,0
Deniz Gündüz,0,2,0,0,0
Xinlei He,0,4,8,2,6
Minxing Zhang,0,2,0,0,0
Zhaochun Ren,0,2,0,0,0
Zihan Wang,0,2,0,0,2
Pengjie Ren,0,2,0,0,0
Zhumin Chen,0,2,0,0,0
Pengfei Hu,0,2,0,0,2
Zheng Li,0,2,2,4,8
Min Chen,0,2,4,2,2
Zhikun Zhang,0,2,8,2,6
Tianhao Wang,0,2,2,6,4
Michael Backes,0,4,16,8,18
Mathias Humbert,0,2,0,0,2
Yanjiao Chen,0,2,4,10,10
Yijie Bai,0,2,0,4,4
Richard Mitev,0,2,0,0,0
Kaibo Wang,0,2,0,0,0
Ahmad-Reza Sadeghi,0,2,4,2,12
Wenyuan Xu,0,4,4,18,20
Cong Shi,0,2,0,0,0
Tianfang Zhang,0,2,0,0,0
Yi Xie,0,2,0,0,0
Wei Wang,0,2,0,0,4
Yao Yao,0,2,0,0,0
Xin Liu,0,2,0,0,0
Xiang Li,0,2,0,0,0
Pei Hao,0,2,0,0,0
Ting Zhu,0,2,0,0,2
Yi Zhu,0,2,0,2,2
Chenglin Miao,0,2,0,2,0
Tianhang Zheng,0,2,0,0,0
Foad Hajiaghajani,0,2,0,0,0
Lu Su,0,2,0,2,0
Chunming Qiao,0,2,0,2,2
Hongbin Liu,0,2,4,0,2
Wenjie Qu,0,2,0,2,0
Aoting Hu,0,2,0,0,0
Renjie Xie,0,2,0,0,2
Zhigang Lu,0,2,0,0,0
Aiqun Hu,0,2,0,0,0
Dario Pasquini,0,2,2,2,0
Giuseppe Ateniese,0,2,2,0,0
Massimo Bernaschi,0,2,0,0,0
Sina Sajadmanesh,0,2,0,0,0
Daniel Gatica-Perez,0,2,0,0,0
Boxin Wang,0,2,0,0,0
Fan Wu,0,2,2,0,0
Yunhui Long,0,2,2,2,0
Hailong Hu,0,2,0,0,0
Jun Pang,0,2,0,0,0
Naureen Hoque,0,2,0,0,0
Hanif Rahbari,0,2,0,0,0
Brandon Falk,0,2,0,0,0
Yuxia Zhan,0,2,0,0,0
Christian Ryan,0,2,0,0,0
Sharmishtha Dutta,0,2,0,0,0
Youngja Park,0,2,0,0,0
Nidhi Rastogi,0,2,0,0,0
Eujeanne Kim,0,2,0,0,0
Sung-Jun Park,0,2,0,0,0
Seokwoo Choi,0,2,0,0,0
Dong-Kyu Chae,0,2,0,0,0
Sang-Wook Kim,0,2,2,0,0
Nazir Saleheen,0,2,0,0,0
Md. Azim Ullah,0,2,0,0,0
Supriyo Chakraborty,0,2,0,0,0
Deniz S. Ones,0,2,0,0,0
Mani B. Srivastava,0,2,0,0,0
Santosh Kumar,0,2,0,0,0
Giorgio Severi,0,4,0,0,2
Niklas Pousette Harger,0,2,0,0,0
Alina Oprea,0,6,0,2,2
Shaofeng Li,0,2,0,0,2
Hui Liu,0,2,0,0,0
Tian Dong,0,2,0,0,2
Jialiang Lu,0,2,0,0,0
Xuhong Zhang,0,2,4,4,2
Jing Chen,0,2,0,0,0
Chaoxiang He,0,2,0,0,2
Bin Benjamin Zhu,0,2,0,0,0
Xiaojing Ma,0,2,0,2,2
Hai Jin,0,2,0,2,6
Shengshan Hu,0,2,0,0,6
Chong Xiang,0,4,2,2,2
Prateek Mittal,0,6,4,4,2
Dongqi Han,0,2,0,2,0
Zhiliang Wang,0,2,0,2,0
Wenqi Chen,0,2,0,2,0
Ying Zhong,0,2,0,0,0
Su Wang,0,2,0,0,0
Han Zhang,0,2,0,0,0
Jiahai Yang,0,2,0,2,0
Xingang Shi,0,2,0,2,0
Xia Yin,0,2,0,2,0
Kaifa Zhao,0,2,2,0,0
Hao Zhou,0,2,0,0,0
Yulin Zhu,0,2,0,0,2
Xian Zhan,0,2,0,0,0
Kai Zhou,0,2,0,0,4
Jianfeng Li,0,2,2,0,0
Le Yu,0,2,2,0,0
Wei Yuan,0,2,0,2,0
Chuanpu Fu,0,2,0,2,0
Meng Shen,0,2,0,0,2
Ke Xu,0,2,2,4,12
Charlie Hou,0,2,0,0,0
Mingxun Zhou,0,2,0,0,0
Yan Ji,0,2,0,0,0
Phil Daian,0,2,0,0,0
Florian Tramèr,0,4,6,4,6
Giulia Fanti,0,2,0,0,0
Ari Juels,0,2,0,0,0
Jiayun Xu,0,2,0,0,0
Yingjiu Li,0,2,0,0,0
Robert H. Deng,0,2,0,0,0
Bo Hui,0,2,0,0,4
Yuchen Yang,0,2,0,0,4
Haolin Yuan,0,2,0,0,4
Philippe Burlina,0,2,0,0,2
Junjie Liang,0,2,0,0,0
Wenbo Guo,0,6,0,2,2
Tongbo Luo,0,2,0,0,0
Vasant G. Honavar,0,2,0,0,0
Xinyu Xing,0,6,0,2,2
Sinem Sav,0,2,0,0,0
Apostolos Pyrgelis,0,2,0,0,0
Juan Ramón Troncoso-Pastoriza,0,2,0,0,0
David Froelicher,0,2,0,0,0
Jean-Philippe Bossuat,0,2,0,0,0
Joao Sa Sousa,0,2,0,0,0
Jean-Pierre Hubaux,0,2,0,0,0
Jia Liu,0,2,0,0,2
Virat Shejwalkar,0,2,4,2,0
Qi Wang,0,2,0,0,2
Huichen Li,0,2,0,0,0
Nikita Borisov,0,2,0,0,0
Carl A. Gunter,0,2,0,2,0
Xiaoyu Ji,0,2,2,14,14
Yushi Cheng,0,2,0,8,6
Yuepeng Zhang,0,2,0,0,0
Kai Wang,0,2,0,2,0
Chen Yan,0,2,2,6,6
Kevin Fu,0,2,0,0,0
Chaowei Xiao,0,2,0,4,2
Dawei Yang,0,2,0,0,0
Jin Fang,0,2,0,0,0
Ruigang Yang,0,2,0,0,0
Mingyan Liu,0,2,0,0,0
Guangke Chen,0,2,0,2,2
Sen Chen,0,2,0,0,0
Lingling Fan,0,2,0,0,0
Xiaoning Du,0,2,0,0,0
Zhe Zhao,0,2,0,2,2
Fu Song,0,2,0,2,2
Yang Liu,0,2,0,0,4
Hadi Abdullah,0,4,2,2,0
Muhammad Sajidur Rahman,0,2,0,2,0
Washington Garcia,0,2,0,0,0
Kevin Warren,0,4,2,0,4
Anurag Swarnim Yadav,0,2,0,0,0
Tom Shrimpton,0,2,0,0,0
Patrick Traynor,0,4,2,2,4
Vincent Bindschaedler,0,2,2,2,0
Albert Cheu,0,2,0,0,0
Adam D. Smith,0,2,0,0,0
Jonathan R. Ullman,0,2,0,2,0
Jim Meyer,0,2,0,0,0
Scott E. Coull,0,2,0,0,0
Eugene Bagdasaryan,0,2,2,0,2
Zhaohan Xi,0,2,4,2,2
Di Tang,0,2,2,2,4
Haixu Tang,0,2,0,2,4
Kehuan Zhang,0,2,0,0,0
Giulio Lovisotto,0,2,0,0,0
Henry Turner,0,2,0,0,0
Ivo Sluganovic,0,2,0,0,0
Martin Strohmeier,0,2,0,0,0
Ivan Martinovic,0,2,0,0,0
Xian Wu,0,2,0,2,0
Hua Wei,0,2,0,0,0
Yingzhe He,0,2,0,0,0
Guozhu Meng,0,2,2,4,6
Xingbo Hu,0,2,0,0,0
Jinwen He,0,2,0,2,2
Yukui Luo,0,2,0,0,4
Xiaolin Xu,0,2,0,0,4
Hengrui Jia,0,2,0,0,0
Christopher A. Choquette-Choo,0,2,0,0,4
Zhichuang Sun,0,2,0,0,0
Ruimin Sun,0,2,0,0,2
Long Lu,0,2,0,0,0
Alan Mislove,0,2,0,0,0
Arjun Nitin Bhagoji,0,2,2,0,0
Vikash Sehwag,0,2,0,2,0
Ahmadreza Azizi,0,2,0,0,0
Ibrahim Asadullah Tahmid,0,2,0,0,0
Asim Waheed,0,2,0,0,2
Neal Mangaokar,0,2,0,2,0
Mobin Javed,0,2,0,2,0
Chandan K. Reddy,0,2,0,0,0
Shehzeen Hussain,0,2,0,0,0
Paarth Neekhara,0,2,0,0,2
Shlomo Dubnov,0,2,0,0,0
Julian J. McAuley,0,2,0,0,0
Farinaz Koushanfar,0,2,2,0,2
Weifan Jiang,0,2,0,0,0
Asaf Cidon,0,2,0,0,0
Thorsten Eisenhofer,0,2,0,2,0
Lea Schönherr,0,2,0,0,0
Joel Frank,0,2,0,0,0
Lars Speckemeier,0,2,0,0,0
Dorothea Kolossa,0,2,0,0,0
Thorsten Holz,0,2,0,2,0
Limin Yang,0,2,0,4,0
Arridhana Ciptadi,0,2,0,2,0
Ali Ahmadzadeh,0,2,0,2,0
Xueyuan Han,0,2,0,2,0
Xiao Yu,0,2,0,0,0
Thomas F. J.-M. Pasquier,0,2,0,0,0
Ding Li,0,2,0,0,4
Junghwan Rhee,0,2,0,0,0
James W. Mickens,0,2,0,0,0
Margo I. Seltzer,0,2,0,0,0
Haifeng Chen,0,2,0,0,0
Liwei Song,0,2,2,0,0
Eric Wallace,0,2,0,2,2
Ariel Herbert-Voss,0,2,0,0,0
Katherine Lee,0,2,0,0,0
Adam Roberts,0,2,0,0,0
Tom B. Brown,0,2,0,0,0
Dawn Song,0,2,0,2,2
Úlfar Erlingsson,0,2,0,0,0
Colin Raffel,0,2,0,0,0
Wanrong Zhang,0,2,0,0,0
Pengfei Jing,0,2,0,0,0
Qiyi Tang,0,2,0,0,0
Yuefeng Du,0,2,0,0,0
Lei Xue,0,2,2,0,0
Sen Nie,0,2,0,0,0
Shi Wu,0,2,0,0,0
Yipeng Gao,0,2,0,0,0
Haichang Gao,0,2,0,0,0
Sainan Luo,0,2,0,0,0
Yang Zi,0,2,0,0,0
Shudong Zhang,0,2,0,0,0
Wenjie Mao,0,2,0,0,0
Ping Wang,0,2,0,0,0
Yulong Shen,0,2,0,0,0
Jeff Yan,0,2,0,0,0
Takami Sato,0,2,4,0,4
Yunhan Jia,0,2,0,0,0
Xue Lin,0,2,0,2,0
Erin Avllazagaj,0,2,0,0,0
Ziyun Zhu,0,2,0,0,0
Leyla Bilge,0,2,0,0,0
Tudor Dumitras,0,2,0,0,0
Bhupendra Acharya,0,2,0,0,0
Phani Vadrevu,0,2,0,0,0
Teng Xu,0,2,0,0,0
Gerard Goossen,0,2,0,0,0
Huseyin Kerem Cevahir,0,2,0,0,0
Sara Khodeir,0,2,0,0,0
Yingyezhe Jin,0,2,0,0,0
Frank Li,0,2,0,0,0
Sagar Patel,0,2,0,0,0
David Freeman,0,2,0,0,0
Paul Pearce,0,2,0,0,0
Teodora Baluta,0,0,4,2,0
Shiqi Shen,0,0,2,0,0
S. Hitarth,0,0,2,0,0
Prateek Saxena,0,0,4,2,2
Tianshuo Cong,0,0,2,0,2
Ana-Maria Cretu,0,0,4,2,0
Florimond Houssiau,0,0,2,0,0
Antoine Cully,0,0,2,2,0
Yves-Alexandre de Montjoye,0,0,4,2,2
Jiangyi Deng,0,0,2,2,8
Zizhuang Deng,0,0,2,0,2
Xiaodong Zhang,0,0,2,0,0
Yao Cheng,0,0,2,0,0
Rui Duan,0,0,2,0,2
Zhe Qu,0,0,2,0,2
Shangqing Zhao,0,0,2,0,0
Leah Ding,0,0,2,0,2
Yao Liu,0,0,2,0,2
Zhuo Lu,0,0,2,0,2
Yuyou Gan,0,0,2,0,0
Yuhao Mao,0,0,2,0,0
Yuwen Pu,0,0,2,0,4
Meng Han,0,0,2,0,0
Yuanda Wang,0,0,2,0,0
Nikolay Ivanov,0,0,2,0,0
Li Xiao,0,0,2,0,0
Zayd Hammoudeh,0,0,2,0,0
Daniel Lowd,0,0,2,0,0
Hai Huang,0,0,2,0,0
Yun Shen,0,0,10,4,10
Bargav Jayaraman,0,0,2,0,2
Seulbae Kim,0,0,2,0,0
Major Liu,0,0,2,0,0
Junghwan John Rhee,0,0,2,0,0
Yuseok Jeon,0,0,4,0,0
Yonghwi Kwon,0,0,4,0,0
Chung Hwan Kim,0,0,2,0,0
Taeri Kim,0,0,2,0,0
Noseong Park,0,0,2,0,0
Jiwon Hong,0,0,2,0,0
Aashish Kolluri,0,0,2,0,2
Bryan Hooi,0,0,2,0,0
Yiyong Liu,0,0,4,0,0
Han Liu,0,0,2,0,2
Zhiyuan Yu,0,0,2,4,8
Mingming Zha,0,0,2,0,0
William Yeoh,0,0,2,0,0
Jiawei Liu,0,0,2,0,0
Yangyang Kang,0,0,2,0,0
Kaisong Song,0,0,2,0,0
Changlong Sun,0,0,2,0,0
Xiaofeng Wang,0,0,2,2,2
Wei Lu,0,0,2,0,0
Xiaozhong Liu,0,0,2,0,2
Shunchang Liu,0,0,2,0,0
Jiakai Wang,0,0,2,2,2
Aishan Liu,0,0,2,2,2
Yingwei Li,0,0,2,0,0
Yijie Gao,0,0,2,0,0
Xianglong Liu,0,0,2,2,2
Dacheng Tao,0,0,2,2,0
Zhengyu Zhao,0,0,2,0,0
Yupei Liu,0,0,6,2,2
Zeyan Liu,0,0,2,0,4
Fengjun Li,0,0,2,0,4
Zhu Li,0,0,2,0,0
Xinjian Luo,0,0,2,0,0
Yangfan Jiang,0,0,2,0,0
Xiaokui Xiao,0,0,4,0,0
Samuel Maddock,0,0,2,0,0
Graham Cormode,0,0,2,0,0
Carsten Maple,0,0,2,0,0
Raymond Muller,0,0,2,4,2
Yanmao Man,0,0,2,2,2
Z. Berkay Celik,0,0,2,4,4
Ming Li,0,0,4,2,4
Ryan M. Gerdes,0,0,2,2,2
Mohammad Naseri,0,0,4,0,2
Yufei Han,0,0,6,2,2
Enrico Mariconti,0,0,2,0,0
Gianluca Stringhini,0,0,6,0,2
Emiliano De Cristofaro,0,0,8,0,4
Danilo Francati,0,0,2,0,0
Amrita Roy Chowdhury,0,0,2,0,0
Chuan Guo,0,0,2,0,0
Laurens van der Maaten,0,0,2,0,0
Wenxin Ding,0,0,2,0,4
Ting Yu,0,0,2,0,0
Wai Man Si,0,0,2,2,0
Jeremy Blackburn,0,0,2,0,0
Savvas Zannettou,0,0,2,0,0
Reza Shokri,0,0,4,0,2
Ayrton San Joaquin,0,0,2,0,0
Hoang Le,0,0,2,0,0
Sanghyun Hong,0,0,2,0,0
Xiuling Wang,0,0,2,0,2
Wendy Hui Wang,0,0,2,0,2
Jianxin Wei,0,0,2,0,0
Ergute Bao,0,0,2,0,0
Yin Yang,0,0,2,0,0
Jiayuan Ye,0,0,2,0,2
Aadyaa Maddi,0,0,2,0,0
Sasi Kumar Murakonda,0,0,2,0,0
Gorka Abad,0,0,2,0,2
Oguzhan Ersoy,0,0,2,0,2
Víctor Julio Ramírez-Durán,0,0,2,0,0
Aitor Urbieta,0,0,2,0,2
Roger A. Hallman,0,0,2,0,0
Nur Imtiazul Haque,0,0,2,0,0
Maurice Ngouen,0,0,2,0,0
Yazen Al-Wahadneh,0,0,2,0,0
Mohammad Ashiqur Rahman,0,0,2,0,0
Kiho Lee,0,0,2,0,4
Sanghak Oh,0,0,2,0,2
Chuyen Nguyen,0,0,2,0,0
Caleb Morgan,0,0,2,0,0
Sudip Mittal,0,0,2,0,0
Rajvardhan Oak,0,0,2,0,0
Leo Hyun Park,0,0,2,0,0
Jaewoo Park,0,0,2,0,0
Soochang Chung,0,0,2,0,0
Jaeuk Kim,0,0,2,0,0
Myung Gyo Oh,0,0,2,0,0
Taekyoung Kwon,0,0,2,0,0
Yuki Hayakawa,0,0,2,0,2
Ryo Suzuki,0,0,2,0,2
Yohsuke Shiiki,0,0,2,0,2
Kentaro Yoshioka,0,0,2,0,2
Yunpeng Luo,0,0,2,0,0
Kaidi Xu,0,0,2,0,0
Jing Xu,0,0,2,0,0
Xinyun Chen,0,0,2,0,2
Guanhong Tao,0,0,6,8,12
Qiuling Xu,0,0,4,6,2
Guangyu Shen,0,0,6,8,10
Shengwei An,0,0,6,8,6
Jingwei Xu,0,0,2,0,0
Yuan Yao,0,0,2,2,0
Jamie Hayes,0,0,4,2,0
Phillip Rieger,0,0,4,2,6
Thien Duc Nguyen,0,0,4,0,0
Markus Miettinen,0,0,4,0,2
Ziwen Wan,0,0,2,0,0
Jalen Chuang,0,0,2,0,0
Xin Xia,0,0,2,0,0
Joshua Garcia,0,0,2,0,0
Jiaqi Ma,0,0,2,0,0
Ziqi Xu,0,0,2,0,0
Jingcheng Li,0,0,2,0,0
Yanjun Pan,0,0,2,0,0
Loukas Lazos,0,0,2,0,0
Nirnimesh Ghose,0,0,2,0,0
Yijun Yang,0,0,2,0,0
Ruiyuan Gao,0,0,2,0,0
Qiuxia Lai,0,0,2,0,0
Wei Jia,0,0,2,0,0
Zhaojun Lu,0,0,2,0,0
Haichun Zhang,0,0,2,0,0
Zhenglin Liu,0,0,2,0,0
Jie Wang,0,0,2,0,2
Gang Qu,0,0,2,0,0
Gonzalo De La Torre Parra,0,0,2,0,0
Luis Selvera,0,0,2,0,0
Joseph Khoury,0,0,2,0,0
Hector Irizarry,0,0,2,0,0
Elias Bou-Harb,0,0,2,0,0
Paul Rad,0,0,2,0,0
Xueluan Gong,0,0,2,6,2
Jianshuo Dong,0,0,2,2,0
Viet Quoc Vo,0,0,2,0,0
Ehsan Abbasnejad,0,0,2,0,0
Damith C. Ranasinghe,0,0,2,0,0
Junhao Zhou,0,0,2,0,0
Yufei Chen,0,0,4,0,0
Ahmed Salem,0,0,4,8,0
Maria Leonor Pacheco,0,0,2,0,0
Max von Hippel,0,0,2,0,0
Ben Weintraub,0,0,2,0,0
Dan Goldwasser,0,0,2,0,0
Cristina Nita-Rotaru,0,0,2,0,0
Hammond Pearce,0,0,2,0,2
Baleegh Ahmad,0,0,2,0,0
Benjamin Tan,0,0,2,0,0
Brendan Dolan-Gavitt,0,0,2,0,0
Ramesh Karri,0,0,2,0,0
Nils Lukas,0,0,2,4,0
Edward Jiang,0,0,2,0,0
Xinda Li,0,0,2,0,0
Florian Kerschbaum,0,0,2,2,0
Federico Barbero,0,0,2,0,0
Saeed Mahloujifar,0,0,6,4,0
Esha Ghosh,0,0,2,0,2
Melissa Chase,0,0,2,0,2
Borja Balle,0,0,2,2,2
Giovanni Cherubin,0,0,2,2,2
Md Hafizul Islam Chowdhuryy,0,0,2,0,2
Peter Kairouz,0,0,2,0,2
Daniel Ramage,0,0,2,0,2
Zhuo Zhang,0,0,2,2,4
Shangyu Xie,0,0,2,0,0
Han Wang,0,0,2,0,0
Yu Kong,0,0,2,0,0
Yuan Hong,0,0,2,0,8
Rui Zhang,0,0,2,0,6
Yuan Ding,0,0,2,0,0
Zhibo Wang,0,0,2,0,10
Qingbiao Wu,0,0,2,0,0
Kui Ren,0,0,2,0,22
Jiajun Gong,0,0,2,0,0
Wuqi Zhang,0,0,2,0,0
Charles Zhang,0,0,2,0,0
Tao Wang,0,0,2,0,2
Alan Romano,0,0,2,0,0
Daniel Lehmann,0,0,2,0,0
Michael Pradel,0,0,2,0,0
Weihang Wang,0,0,2,0,0
Chijung Jung,0,0,2,0,0
Ali Ahad,0,0,2,0,0
Steve Chien,0,0,2,0,0
Shuang Song,0,0,2,0,0
Andreas Terzis,0,0,2,0,2
Nicholas Boucher,0,0,2,0,0
Ilia Shumailov,0,0,4,2,2
Ross Anderson,0,0,2,0,2
Shiqing Ma,0,0,2,6,8
Yongji Wu,0,0,2,0,0
Nishanth Chandran,0,0,2,0,0
Divya Gupta,0,0,2,0,0
Sai Lakshmi Bhavana Obbattu,0,0,2,0,0
Akash Shah,0,0,2,0,0
Huili Chen,0,0,2,0,0
Hossein Yalame,0,0,2,0,0
Helen Möllering,0,0,2,0,0
Hossein Fereidooni,0,0,2,2,8
Samuel Marchal,0,0,2,0,0
Azalia Mirhoseini,0,0,2,0,0
Shaza Zeitouni,0,0,2,0,0
Thomas Schneider,0,0,2,0,0
Xinyu Tang,0,0,2,0,0
Cormac Herley,0,0,2,0,0
Ruofan Liu,0,0,2,0,0
Yun Lin,0,0,2,0,0
Xianglin Yang,0,0,2,0,0
Siang Hwee Ng,0,0,2,0,0
Dinil Mon Divakaran,0,0,2,0,0
Jin Song Dong,0,0,2,0,0
Jaron Mink,0,0,2,4,0
Natã M. Barbosa,0,0,2,0,0
Olivia Figueira,0,0,2,0,0
Yang Wang,0,0,2,0,0
Ce Zhou,0,0,2,0,0
Yan Shi,0,0,2,0,0
Lichao Sun,0,0,2,0,4
R. Spencer Hallyburton,0,0,2,0,0
Miroslav Pajic,0,0,2,0,0
Yangyang Liu,0,0,2,0,0
Tianqi Li,0,0,2,0,0
Yajin Zhou,0,0,2,0,0
Guofei Gu,0,0,2,0,0
Zhijian Xu,0,0,2,0,0
Zhanyuan Yin,0,0,2,0,0
Pratik Vaishnavi,0,0,2,0,0
Kevin Eykholt,0,0,2,2,0
Amir Rahmati,0,0,2,0,2
Huiying Li,0,0,2,0,0
Jiayun Zhang,0,0,2,0,0
Ruoyu Wu,0,0,2,0,0
Taegyu Kim,0,0,2,0,0
Dave (Jing) Tian,0,0,2,0,0
Antonio Bianchi,0,0,2,2,0
Dongyan Xu,0,0,2,0,2
Shubham Jain,0,0,2,2,2
Shimaa Ahmed,0,0,2,2,0
Kassem Fawaz,0,0,2,6,0
Changjiang Li,0,0,2,2,4
Li Wang,0,0,2,0,2
Shanqing Guo,0,0,2,0,2
Logan Blue,0,0,2,2,0
Cassidy Gibson,0,0,2,0,0
Luis Vargas,0,0,2,0,0
Jessica O'Dell,0,0,2,0,0
Kevin R. B. Butler,0,0,2,0,4
Sandra Siby,0,0,2,0,0
Umar Iqbal,0,0,2,0,0
Steven Englehardt,0,0,2,0,0
Zubair Shafiq,0,0,2,0,0
Carmela Troncoso,0,0,2,4,0
Qi-An Fu,0,0,2,0,0
Yinpeng Dong,0,0,2,0,2
Hang Su,0,0,2,0,0
Jun Zhu,0,0,2,0,0
Chao Zhang,0,0,2,2,2
Beina Sheng,0,0,2,0,0
Jiaming Zhu,0,0,4,0,0
Alexander Warnecke,0,0,2,2,0
Christian Wressnegger,0,0,2,4,2
Yifan Yan,0,0,2,0,0
Zhemin Yang,0,0,2,0,0
Yuanyuan Yuan,0,0,2,2,6
Qi Pang,0,0,2,0,2
Shuai Wang,0,0,2,2,4
Yugeng Liu,0,0,2,2,0
Rui Wen,0,0,2,0,6
Shagufta Mehnaz,0,0,2,0,2
Sayanton V. Dibbo,0,0,2,0,2
Ehsanul Kabir,0,0,2,0,2
Ninghui Li,0,0,2,2,2
Elisa Bertino,0,0,2,0,2
Ping He,0,0,0,2,0
Yifan Xia,0,0,0,2,0
Jingyang Hu,0,0,0,2,0
Hongbo Wang,0,0,0,2,0
Tianyue Zheng,0,0,0,2,2
Jingzhi Hu,0,0,0,2,2
Zhe Chen,0,0,0,2,0
Hongbo Jiang,0,0,0,2,0
Jun Luo,0,0,0,2,2
Congyi Li,0,0,0,2,0
Shixuan Zhai,0,0,0,2,0
Zhuoqun Fu,0,0,0,2,0
Chuyun Deng,0,0,0,2,0
Jia Zhang,0,0,0,2,2
Haixin Duan,0,0,0,2,2
Yi Zeng,0,0,0,6,0
Minzhou Pan,0,0,0,6,0
Hoang Anh Just,0,0,0,2,0
Lingjuan Lyu,0,0,0,6,2
Meikang Qiu,0,0,0,2,0
Ruoxi Jia,0,0,0,6,0
Ryan Feng,0,0,0,2,0
Ashish Hooda,0,0,0,2,2
Atul Prakash,0,0,0,2,0
Vibha Belavadi,0,0,0,2,0
Yan Zhou,0,0,0,2,0
Bhavani Thuraisingham,0,0,0,2,0
Jianping Wu,0,0,0,2,0
Ardavan Bozorgi,0,0,0,2,0
Tejas Kannan,0,0,0,2,0
Nick Feamster,0,0,0,2,0
Henry Hoffmann,0,0,0,2,0
Ivica Nikolic,0,0,0,2,0
Racchit Jain,0,0,0,2,0
Divesh Aggarwal,0,0,0,2,0
Lingshuo Meng,0,0,0,2,0
Yutong Hu,0,0,0,2,0
Haiqin Weng,0,0,0,4,4
Zhengyuan Jiang,0,0,0,2,0
Jinghuai Zhang,0,0,0,2,2
Hongfei Xue,0,0,0,2,0
Zhengxiong Li,0,0,0,2,0
Yunnan Yu,0,0,0,2,0
Wenyao Xu,0,0,0,2,0
Marco Arazzi,0,0,0,2,0
Mauro Conti,0,0,0,2,2
Antonino Nocera,0,0,0,2,0
Chulin Xie,0,0,0,2,0
Pin-Yu Chen,0,0,0,2,0
Qinbin Li,0,0,0,2,0
Sanmi Koyejo,0,0,0,2,0
Torsten Krauß,0,0,0,2,8
Alexandra Dmitrienko,0,0,0,2,10
Klim Kireev,0,0,0,2,0
Bogdan Kulynych,0,0,0,2,0
Jiayun Fu,0,0,0,2,0
Bin B. Zhu,0,0,0,2,2
Pingyi Hu,0,0,0,2,0
Ruixin Zhao,0,0,0,2,0
Yaru Jia,0,0,0,2,0
Peng Xu,0,0,0,2,0
Dongmei Zhang,0,0,0,2,2
Chunyi Zhou,0,0,0,2,0
Yansong Gao,0,0,0,2,6
Anmin Fu,0,0,0,2,4
Zhiyang Dai,0,0,0,2,0
Zhi Zhang,0,0,0,2,6
Yuqing Zhang,0,0,0,2,0
Wanlun Ma,0,0,0,2,0
Derui Wang,0,0,0,4,0
Ruoxi Sun,0,0,0,6,2
Sheng Wen,0,0,0,4,0
Yang Xiang,0,0,0,2,4
Lukas Pirch,0,0,0,2,0
Caiqin Dong,0,0,0,2,0
Jian Weng,0,0,0,2,0
Jia-Nan Liu,0,0,0,2,0
Yue Zhang,0,0,0,2,0
Yao Tong,0,0,0,2,0
Anjia Yang,0,0,0,2,0
Yudan Cheng,0,0,0,2,0
Shun Hu,0,0,0,2,0
Tianyue Chu,0,0,0,2,0
Álvaro García-Recuero,0,0,0,2,0
Costas Iordanou,0,0,0,2,0
Georgios Smaragdakis,0,0,0,2,0
Nikolaos Laoutaris,0,0,0,2,0
Aditya Karlekar,0,0,0,2,0
Saurabh Prasad,0,0,0,2,0
Luke A. Bauer,0,0,0,2,0
Siyuan Cheng,0,0,0,6,8
Xiangzhe Xu,0,0,0,2,2
Shiwei Feng,0,0,0,2,2
Kaiyuan Zhang,0,0,0,4,6
Akul Goyal,0,0,0,2,2
Rui Zhu,0,0,0,2,4
Siyuan Tang,0,0,0,2,4
Moses Ike,0,0,0,2,0
Kandy Phan,0,0,0,2,0
Keaton Sadoski,0,0,0,2,0
Romuald Valme,0,0,0,2,0
Anshuman Suri,0,0,0,2,0
Robert Sim,0,0,0,2,2
Rui Guan,0,0,0,2,0
Meng Xue,0,0,0,2,0
Harsh Chaudhari,0,0,0,2,0
John Abascal,0,0,0,2,0
Mathilde Raynal,0,0,0,2,0
Hidde Lycklama,0,0,0,2,0
Lukas Burkhalter,0,0,0,2,0
Alexander Viand,0,0,0,2,0
Nicolas Küchler,0,0,0,2,0
Anwar Hithnawi,0,0,0,2,0
Maximilian Noppel,0,0,0,2,2
Lukas Peter,0,0,0,2,0
Zhi Chen,0,0,0,2,0
Kevin Tu,0,0,0,2,0
Kavita Kumari,0,0,0,2,6
Murtuza Jadliwala,0,0,0,2,2
Wang Yang,0,0,0,2,0
Yuzhe Gu,0,0,0,2,0
Huayang Huang,0,0,0,2,2
Yueli Yan,0,0,0,2,0
Zhice Yang,0,0,0,2,0
Ian Kelk,0,0,0,2,0
Zhihao Wu,0,0,0,2,2
Jiahui Yang,0,0,0,2,0
Haoqi Ye,0,0,0,2,0
Ziqi Huang,0,0,0,2,0
Xiao Ye,0,0,0,2,0
Andre Kassis,0,0,0,2,0
Urs Hengartner,0,0,0,2,0
Bojan Karlas,0,0,0,2,0
Alexander Valtchanov,0,0,0,2,0
Shuo Wang,0,0,0,2,16
Sharif Abuadbba,0,0,0,2,0
Sidharth Agarwal,0,0,0,2,0
Kristen Moore,0,0,0,2,0
Surya Nepal,0,0,0,2,4
Seyit Camtepe,0,0,0,2,2
Salil S. Kanhere,0,0,0,2,0
Zaixi Zhang,0,0,0,2,0
Salijona Dyrmishi,0,0,0,2,0
Salah Ghamizi,0,0,0,2,0
Thibault Simonetto,0,0,0,2,0
Yves Le Traon,0,0,0,2,0
Maxime Cordy,0,0,0,2,0
Zain Sarwar,0,0,0,2,0
Sifat Muhammad Abdullah,0,0,0,2,2
Abdullah Rehman,0,0,0,2,0
Yoonjin Kim,0,0,0,2,0
Parantapa Bhattacharya,0,0,0,2,0
Yuxin Cao,0,0,0,2,0
Xi Xiao,0,0,0,2,0
Ruijie Zhao,0,0,0,2,0
Xianwen Deng,0,0,0,2,0
Yanhao Wang,0,0,0,2,0
Zhicong Yan,0,0,0,2,0
Zhengguang Han,0,0,0,2,0
Libo Chen,0,0,0,2,2
Zhi Xue,0,0,0,2,0
Yijun Wang,0,0,0,2,0
Wei Zong,0,0,0,2,0
Yang-Wai Chow,0,0,0,2,0
Willy Susilo,0,0,0,2,0
Kien Do,0,0,0,2,0
Svetha Venkatesh,0,0,0,2,0
Donghui Dai,0,0,0,2,0
Zhenlin An,0,0,0,2,0
Lei Yang,0,0,0,2,0
Zizhi Jin,0,0,0,2,0
Bo Yang,0,0,0,2,0
Haoyang Li,0,0,0,2,0
Qingqing Ye,0,0,0,2,0
Haibo Hu,0,0,0,2,0
Leixia Wang,0,0,0,2,0
Hadjer Benkraouda,0,0,0,2,0
Daniel Votipka,0,0,0,2,0
Jonathan Prokos,0,0,0,2,0
Neil Fendley,0,0,0,2,0
Matthew Green,0,0,0,2,0
Eran Tromer,0,0,0,2,0
Tushar M. Jois,0,0,0,2,0
Zhuolin Yang,0,0,0,2,0
David M. Liebovitz,0,0,0,2,0
Xinghui Wu,0,0,0,2,0
Chenhao Lin,0,0,0,2,0
Yuan Rao,0,0,0,2,0
Yash Wani,0,0,0,2,0
Ali Shahin Shamsabadi,0,0,0,2,0
Mohammad Yaghini,0,0,0,2,0
Mazal Bethany,0,0,0,2,2
Andrew Seong,0,0,0,2,0
Samuel Henrique Silva,0,0,0,2,0
Nicole Beebe,0,0,0,2,0
Nishant Vishwamitra,0,0,0,2,2
Peyman Najafirad,0,0,0,2,2
Wenjun Zhu,0,0,0,4,2
Shibo Zhang,0,0,0,4,2
Kaiming Cheng,0,0,0,2,0
Jeffery F. Tian,0,0,0,2,0
Tadayoshi Kohno,0,0,0,2,2
Franziska Roesner,0,0,0,2,0
Simone Aonzo,0,0,0,2,0
Alessandro Mantovani,0,0,0,2,0
Keane Lucas,0,0,0,2,4
Samruddhi Pai,0,0,0,2,0
Weiran Lin,0,0,0,2,4
Lujo Bauer,0,0,0,2,4
Michael K. Reiter,0,0,0,2,10
Mahmood Sharif,0,0,0,2,6
Heng Li,0,0,0,2,0
Zhang Cheng,0,0,0,2,0
Bang Wu,0,0,0,2,4
Liheng Yuan,0,0,0,2,0
Cuiying Gao,0,0,0,2,0
Kunal Mukherjee,0,0,0,2,0
Joshua Wiedemeier,0,0,0,2,0
James Wei,0,0,0,2,0
Feng Chen,0,0,0,2,0
Muhyun Kim,0,0,0,2,0
Kangkook Jee,0,0,0,2,0
Himanshu Jahagirdar,0,0,0,2,0
Ming Jin,0,0,0,2,0
Xiangyu Qi,0,0,0,2,0
Tinghao Xie,0,0,0,2,0
Jiachen T. Wang,0,0,0,2,0
Tong Wu,0,0,0,2,2
Yuepeng Hu,0,0,0,2,0
Hamid Mozaffari,0,0,0,2,0
Xiaoguang Li,0,0,0,2,0
Wenhai Sun,0,0,0,2,0
Hui Li,0,0,0,2,0
Rana Hanocka,0,0,0,2,0
Jialai Wang,0,0,0,2,2
Ziyuan Zhang,0,0,0,2,0
Meiqi Wang,0,0,0,2,0
Han Qiu,0,0,0,2,4
Tianwei Zhang,0,0,0,2,8
Zongpeng Li,0,0,0,2,2
Tao Wei,0,0,0,2,2
Yapeng Ye,0,0,0,2,0
Yaoxuan Wu,0,0,0,2,0
Neophytos Christou,0,0,0,2,0
Di Jin,0,0,0,2,0
Vaggelis Atlidakis,0,0,0,2,0
Baishakhi Ray,0,0,0,2,0
Vasileios P. Kemerlis,0,0,0,2,0
Yedi Zhang,0,0,0,2,2
Xinfeng Li,0,0,0,2,8
Chaohao Li,0,0,0,2,0
Yichen Li,0,0,0,2,0
Zhenning Zhang,0,0,0,2,0
Peizhuo Lv,0,0,0,4,4
Chang Yue,0,0,0,2,2
Ruigang Liang,0,0,0,2,4
Yunfei Yang,0,0,0,2,0
Hualong Ma,0,0,0,2,6
Jianwen Tian,0,0,0,2,0
Kefan Qiu,0,0,0,2,0
Debin Gao,0,0,0,2,0
Zhi Wang,0,0,0,2,0
Xiaohui Kuang,0,0,0,2,0
Gang Zhao,0,0,0,2,2
Cheng'an Wei,0,0,0,2,2
Yeonjoon Lee,0,0,0,2,0
Hanlei Zhang,0,0,0,2,0
Dou Goodman,0,0,0,2,0
Yifan Lu,0,0,0,2,2
Jiarun Dai,0,0,0,2,0
Ruoyu Song,0,0,0,2,0
Muslum Ozgur Ozmen,0,0,0,2,2
Hyungsub Kim,0,0,0,2,0
S. Hrushikesh Bhupathiraju,0,0,0,2,0
Pirouz Naghavi,0,0,0,2,0
Takeshi Sugawara,0,0,0,2,2
Sara Rampazzi,0,0,0,2,2
Xusheng Xiao,0,0,0,2,0
Fenglong Ma,0,0,0,2,0
Harjot Kaur,0,0,0,2,0
Juliane Schmüser,0,0,0,2,0
Sascha Fahl,0,0,0,2,0
Yasemin Acar,0,0,0,2,0
Jun Guo,0,0,0,2,0
Siyuan Liang,0,0,0,2,0
Renshuai Tao,0,0,0,2,0
Wenbo Zhou,0,0,0,2,0
Cong Liu,0,0,0,2,0
Yuanhaur Chang,0,0,0,2,0
Taesung Lee,0,0,0,2,0
Douglas Lee Schales,0,0,0,2,0
Jiyong Jang,0,0,0,2,0
Ian M. Molloy,0,0,0,2,0
Masha Zorin,0,0,0,2,0
Lun Wang,0,0,0,2,0
Lanqing Yang,0,0,0,2,0
Xinqi Chen,0,0,0,2,0
Xiangyong Jian,0,0,0,2,0
Leping Yang,0,0,0,2,0
Yijie Li,0,0,0,2,0
Qianfei Ren,0,0,0,2,0
Yi-Chao Chen,0,0,0,2,0
Guangtao Xue,0,0,0,2,0
Zhendong Su,0,0,0,2,2
Jiawei Zhang,0,0,0,2,0
Zhongzhu Chen,0,0,0,2,0
Huan Zhang,0,0,0,2,0
Jonas Möller,0,0,0,2,0
Doreen Riepel,0,0,0,2,0
Yinan Zhong,0,0,0,2,0
Qianhao Miao,0,0,0,2,0
Daphne Ippolito,0,0,0,2,0
Xinben Gao,0,0,0,2,0
Lan Zhang,0,0,0,2,0
Boyang Zhang,0,0,0,2,2
Qi Liu,0,0,0,2,0
Jieming Yin,0,0,0,2,0
Wujie Wen,0,0,0,2,0
Chengmo Yang,0,0,0,2,0
Shi Sha,0,0,0,2,0
Viktor Valadi,0,0,0,2,0
Xinchi Qiu,0,0,0,2,0
Pedro Porto Buarque de Gusmão,0,0,0,2,0
Nicholas D. Lane,0,0,0,2,0
Mina Alibeigi,0,0,0,2,0
Kai Yue,0,0,0,2,0
Richeng Jin,0,0,0,2,0
Chau-Wai Wong,0,0,0,2,0
Dror Baron,0,0,0,2,0
Huaiyu Dai,0,0,0,2,0
Chong Fu,0,0,0,2,0
Peng Lin,0,0,0,2,0
Yanghe Feng,0,0,0,2,0
Harrison Rosenberg,0,0,0,2,0
Brian Tang,0,0,0,2,0
Qinhong Jiang,0,0,0,2,0
Zhixin Xie,0,0,0,2,0
Haina Lou,0,0,0,2,0
Shuangqing Xu,0,0,0,0,2
Yifeng Zheng,0,0,0,0,2
Zhongyun Hua,0,0,0,0,2
Bokang Zhang,0,0,0,0,2
Yanglin Zhang,0,0,0,0,2
Jinglan Yang,0,0,0,0,2
Lingying Huang,0,0,0,0,2
Junfeng Wu,0,0,0,0,2
Junxu Liu,0,0,0,0,2
Jian Lou,0,0,0,0,4
Li Xiong,0,0,0,0,4
Jinfei Liu,0,0,0,0,2
Xiaofeng Meng,0,0,0,0,2
Jiahe Zhang,0,0,0,0,2
Jianjun Chen,0,0,0,0,2
Hangyu Zhang,0,0,0,0,2
Chuhan Wang,0,0,0,0,2
Jianwei Zhuge,0,0,0,0,2
Hanbin Hong,0,0,0,0,6
Xinyu Zhang,0,0,0,0,6
Zhongjie Ba,0,0,0,0,16
Jonathan Knauer,0,0,0,0,2
Zheng Fang,0,0,0,0,4
Lingchen Zhao,0,0,0,0,6
Bowen Li,0,0,0,0,2
Oubo Ma,0,0,0,0,2
Linkang Du,0,0,0,0,2
Yang Dai,0,0,0,0,2
Ruo Wang,0,0,0,0,2
Xiaolei Liu,0,0,0,0,2
Yingcai Wu,0,0,0,0,2
Jiawen Shi,0,0,0,0,2
Zenghui Yuan,0,0,0,0,2
Yinuo Liu,0,0,0,0,2
Yue Huang,0,0,0,0,2
Pan Zhou,0,0,0,0,4
Wenxuan Li,0,0,0,0,2
Zhixuan Chu,0,0,0,0,2
Yan Wang,0,0,0,0,2
Longfei Li,0,0,0,0,2
Zhan Qin,0,0,0,0,10
Jialin Wu,0,0,0,0,2
Shengyuan Pang,0,0,0,0,6
Jiayang Xu,0,0,0,0,2
Jieming Zhong,0,0,0,0,2
Jiachen Lei,0,0,0,0,2
Peng Cheng,0,0,0,0,4
Qinglong Wang,0,0,0,0,2
Peiran Wang,0,0,0,0,2
Qiyu Li,0,0,0,0,2
Longxuan Yu,0,0,0,0,2
Ziyao Wang,0,0,0,0,4
Ang Li,0,0,0,0,2
Haojian Jin,0,0,0,0,2
Cathy Y. Li,0,0,0,0,2
Hai-Tao Zheng,0,0,0,0,4
Yu He,0,0,0,0,2
Boheng Li,0,0,0,0,2
Yao Wang,0,0,0,0,2
Mengda Yang,0,0,0,0,2
Juan Wang,0,0,0,0,2
Hongxin Hu,0,0,0,0,2
Xingyu Zhao,0,0,0,0,2
Jie Zhu,0,0,0,0,2
Jirong Zha,0,0,0,0,2
Leye Wang,0,0,0,0,2
Qiankun Zhang,0,0,0,0,2
Di Yuan,0,0,0,0,2
Boyu Zhang,0,0,0,0,2
Bin Yuan,0,0,0,0,2
Bingqian Du,0,0,0,0,2
Michael Aerni,0,0,0,0,2
Jie Zhang,0,0,0,0,4
Xiaoyi Chen,0,0,0,0,2
Shijun Yan,0,0,0,0,2
Lei Jin,0,0,0,0,2
Zihao Wang,0,0,0,0,6
Liya Su,0,0,0,0,2
Zonghao Huang,0,0,0,0,2
Xinyue Shen,0,0,0,0,6
Tong Liu,0,0,0,0,4
Yuekang Li,0,0,0,0,4
Hanqiu Wang,0,0,0,0,2
Zihao Zhan,0,0,0,0,2
Haoqi Shan,0,0,0,0,2
Siqi Dai,0,0,0,0,2
Maximillian Panoff,0,0,0,0,2
Hanshen Xiao,0,0,0,0,2
G. Edward Suh,0,0,0,0,2
Srinivas Devadas,0,0,0,0,2
Pritam Dash,0,0,0,0,2
Ethan Chan,0,0,0,0,2
Karthik Pattabiraman,0,0,0,0,4
Xingshuo Han,0,0,0,0,4
Haozhao Wang,0,0,0,0,2
Kangqiao Zhao,0,0,0,0,2
Gelei Deng,0,0,0,0,4
Yuan Xu,0,0,0,0,4
Hangcheng Liu,0,0,0,0,2
Xinhao Deng,0,0,0,0,4
Huiyu Xu,0,0,0,0,2
Yaopeng Wang,0,0,0,0,2
Wenxin Liu,0,0,0,0,2
Lu Jin,0,0,0,0,2
Thien-Phuc Doan,0,0,0,0,2
Hung Dinh-Xuan,0,0,0,0,2
Taewon Ryu,0,0,0,0,2
Inho Kim,0,0,0,0,2
Woongjae Lee,0,0,0,0,2
Kihun Hong,0,0,0,0,2
Souhwan Jung,0,0,0,0,2
Zijun Yao,0,0,0,0,2
Mahmoud Nazzal,0,0,0,0,6
Issa Khalil,0,0,0,0,6
Abdallah Khreishah,0,0,0,0,6
NhatHai Phan,0,0,0,0,6
Yan Zhai,0,0,0,0,2
Tyler Tucker,0,0,0,0,4
Anna Crowder,0,0,0,0,2
Daniel Olszewski,0,0,0,0,4
Allison Lu,0,0,0,0,2
Caroline Fedele,0,0,0,0,2
Magdalena Pasternak,0,0,0,0,2
Seth Layton,0,0,0,0,4
Carrie Gates,0,0,0,0,2
Yuxin Yang,0,0,0,0,2
Qiang Li,0,0,0,0,2
Yufei Zhou,0,0,0,0,2
Peijia Zheng,0,0,0,0,2
Xiaochun Cao,0,0,0,0,2
Jiwu Huang,0,0,0,0,2
Zifan Zhang,0,0,0,0,2
Hairi,0,0,0,0,2
Prashant Khanduri,0,0,0,0,2
Songtao Lu,0,0,0,0,2
Yuchen Liu,0,0,0,0,2
Neil Gong,0,0,0,0,8
Yurong Hao,0,0,0,0,2
Xihui Chen,0,0,0,0,2
Xiaoting Lyu,0,0,0,0,2
Jiqiang Liu,0,0,0,0,2
Yongsheng Zhu,0,0,0,0,2
Zhiguo Wan,0,0,0,0,2
Sjouke Mauw,0,0,0,0,2
Guanzhong Chen,0,0,0,0,2
Zhenghan Qin,0,0,0,0,2
Mingxin Yang,0,0,0,0,2
Yajie Zhou,0,0,0,0,2
Tao Fan,0,0,0,0,2
Zenglin Xu,0,0,0,0,2
Chenglu Jin,0,0,0,0,2
Chao Yin,0,0,0,0,2
Marten van Dijk,0,0,0,0,2
Sisi Duan,0,0,0,0,2
Fabio Massacci,0,0,0,0,2
Haibin Zhang,0,0,0,0,2
Chenghan Jiang,0,0,0,0,2
Jinjiang Yang,0,0,0,0,2
Xinyi Li,0,0,0,0,2
Ju Ren,0,0,0,0,2
Ye Wang,0,0,0,0,4
Rongqing Hui,0,0,0,0,2
Andrew Lowy,0,0,0,0,2
Jing Liu,0,0,0,0,2
Toshiaki Koike-Akino,0,0,0,0,2
Kieran Parsons,0,0,0,0,2
Bradley A. Malin,0,0,0,0,2
Hao Li,0,0,0,0,2
Siyuan Wu,0,0,0,0,2
Chengrui Hu,0,0,0,0,2
Yutong Ye,0,0,0,0,2
Min Zhang,0,0,0,0,2
Dengguo Feng,0,0,0,0,2
Ruixuan Liu,0,0,0,0,2
Yang Cao,0,0,0,0,2
Xinguo Feng,0,0,0,0,2
Zhongkui Ma,0,0,0,0,2
Eu Joe Chegne,0,0,0,0,2
Mengyao Ma,0,0,0,0,2
Alsharif Abuadbba,0,0,0,0,6
Guangdong Bai,0,0,0,0,4
Wei Tong,0,0,0,0,2
Haoyu Chen,0,0,0,0,2
Jiacheng Niu,0,0,0,0,2
Sheng Zhong,0,0,0,0,4
Kai Li,0,0,0,0,2
Yifan Zheng,0,0,0,0,2
Mingming Chen,0,0,0,0,2
Thomas La Porta,0,0,0,0,2
Teryl Taylor,0,0,0,0,2
Frederico Araujo,0,0,0,0,2
Trent Jaeger,0,0,0,0,2
Zhongming Ma,0,0,0,0,2
Yan Liu,0,0,0,0,2
Zijin Lin,0,0,0,0,2
Rubin Wei,0,0,0,0,2
Yuchen Sun,0,0,0,0,2
Jiawen Peng,0,0,0,0,2
Ao Li,0,0,0,0,2
Ruoyao Wen,0,0,0,0,2
Yijia Chen,0,0,0,0,2
Eugene Bagdasarian,0,0,0,0,4
Ren Yi,0,0,0,0,2
Sahra Ghalebikesabi,0,0,0,0,2
Marco Gruteser,0,0,0,0,2
Sewoong Oh,0,0,0,0,2
Yuke Hu,0,0,0,0,2
Jiaqi Liu,0,0,0,0,2
Wangze Ni,0,0,0,0,2
Feng Lin,0,0,0,0,8
Zhenhua Zou,0,0,0,0,2
Jinyong Shan,0,0,0,0,2
Zhibo Liu,0,0,0,0,2
Sen Deng,0,0,0,0,2
Yanzuo Chen,0,0,0,0,2
Yinqian Zhang,0,0,0,0,4
Nazmul Karim,0,0,0,0,2
Abdullah Al Arafat,0,0,0,0,2
Zhishan Guo,0,0,0,0,2
Nazanin Rahnavard,0,0,0,0,2
Kunlin Cai,0,0,0,0,2
Hua Ma,0,0,0,0,4
Shang Wang,0,0,0,0,2
Huming Qiu,0,0,0,0,6
Derek Abbott,0,0,0,0,2
Xinyao Ma,0,0,0,0,2
Chaoqi Zhang,0,0,0,0,2
Huadi Zhu,0,0,0,0,2
L. Jean Camp,0,0,0,0,2
Anna Yoo Jeong Ha,0,0,0,0,2
Josephine Passananti,0,0,0,0,4
Ronik Bhaskar,0,0,0,0,2
Reid Southen,0,0,0,0,2
Yixin Wu,0,0,0,0,4
Zeyang Sha,0,0,0,0,2
Yicong Tan,0,0,0,0,2
Mingjie Li,0,0,0,0,2
Filipo Sharevski,0,0,0,0,2
Aziz Zeidieh,0,0,0,0,2
Jennifer Vander Loop,0,0,0,0,2
Peter Jachim,0,0,0,0,2
Xiaoli Zhang,0,0,0,0,4
Jieshan Chen,0,0,0,0,2
Xingliang Yuan,0,0,0,0,6
Maura Pintor,0,0,0,0,2
Di Xue,0,0,0,0,2
Zhongqi Fan,0,0,0,0,2
Wei Li,0,0,0,0,2
Yahong Xu,0,0,0,0,2
Zhen Liu,0,0,0,0,2
Yin Liu,0,0,0,0,2
Zhongliang Yuan,0,0,0,0,2
Yuni Lai,0,0,0,0,4
Sachin Shukla,0,0,0,0,2
Omid Mirzaei,0,0,0,0,2
Huan Bui,0,0,0,0,2
Harper Lienerth,0,0,0,0,2
Chenglong Fu,0,0,0,0,2
Meera Sridhar,0,0,0,0,2
Seok Min Hong,0,0,0,0,2
Beom Heyn Kim,0,0,0,0,2
Mohammad Mannan,0,0,0,0,2
Jiawen Diao,0,0,0,0,2
Shengmin Zhao,0,0,0,0,2
Jianguo Xie,0,0,0,0,2
Rongna Xie,0,0,0,0,2
Guozhen Shi,0,0,0,0,2
Peter Chen,0,0,0,0,2
Guannan Liu,0,0,0,0,2
Haining Wang,0,0,0,0,2
Andreas Athanasiou,0,0,0,0,2
Kangsoo Jung,0,0,0,0,2
Khiem Ton,0,0,0,0,2
Nhi Nguyen,0,0,0,0,2
Cristian Borcea,0,0,0,0,2
Ruoming Jin,0,0,0,0,2
Yelong Shen,0,0,0,0,2
Zitao Chen,0,0,0,0,4
Shiming Wang,0,0,0,0,2
Zhe Ji,0,0,0,0,2
Liyao Xiang,0,0,0,0,2
Hao Zhang,0,0,0,0,2
Xinbing Wang,0,0,0,0,2
Chenghu Zhou,0,0,0,0,2
Hui Xia,0,0,0,0,2
Zi Kang,0,0,0,0,2
Shuliang Jiang,0,0,0,0,2
Shuo Xu,0,0,0,0,2
Xuancun Lu,0,0,0,0,2
Zihan Zeng,0,0,0,0,2
Chengkun Wei,0,0,0,0,2
Wenlong Meng,0,0,0,0,2
Minghu Zhao,0,0,0,0,2
Wenjing Fang,0,0,0,0,2
Lei Wang,0,0,0,0,2
Zihui Zhang,0,0,0,0,2
Wenzhi Chen,0,0,0,0,2
Yuqi Qing,0,0,0,0,2
Qilei Yin,0,0,0,0,2
Yihao Chen,0,0,0,0,2
Guy Amit,0,0,0,0,2
Moshe Levy,0,0,0,0,2
Hongsheng Hu,0,0,0,0,8
Jiamin Chang,0,0,0,0,6
Haonan Zhong,0,0,0,0,4
Shuang Hao,0,0,0,0,4
Ge Ren,0,0,0,0,2
Gaolei Li,0,0,0,0,2
Shenghong Li,0,0,0,0,2
Jan König,0,0,0,0,2
Christian Kanzow,0,0,0,0,2
Yuan Sun,0,0,0,0,2
Jiani Liu,0,0,0,0,2
Alessandro Pegoraro,0,0,0,0,8
Chang Liu,0,0,0,0,2
Xi Yang,0,0,0,0,2
Weiming Zhang,0,0,0,0,2
Nenghai Yu,0,0,0,0,2
Yimiao Zeng,0,0,0,0,2
Hanqing Hu,0,0,0,0,2
Xiaofan Bai,0,0,0,0,2
Andrey Labunets,0,0,0,0,2
Earlence Fernandes,0,0,0,0,2
Daniela Lopes,0,0,0,0,2
Jin-Dong Dong,0,0,0,0,2
Pedro Medeiros,0,0,0,0,2
Daniel Castro,0,0,0,0,2
Diogo Barradas,0,0,0,0,2
Bernardo Portela,0,0,0,0,2
João Vinagre,0,0,0,0,2
Bernardo Ferreira,0,0,0,0,2
Nicolas Christin,0,0,0,0,2
Nuno Santos,0,0,0,0,2
Yue Xiao,0,0,0,0,2
Yi He,0,0,0,0,2
He Zhang,0,0,0,0,2
Xiangwen Yang,0,0,0,0,2
Shirui Pan,0,0,0,0,4
Neo Eyal,0,0,0,0,2
Chunpeng Ge,0,0,0,0,2
Sri Hrushikesh Varma Bhupathiraju,0,0,0,0,2
Michael Clifford,0,0,0,0,2
Yi Liu,0,0,0,0,2
Kailong Wang,0,0,0,0,2
Ying Zhang,0,0,0,0,2
Zefeng Li,0,0,0,0,2
Haoyu Wang,0,0,0,0,2
Pan Li,0,0,0,0,4
Shenchen Zhu,0,0,0,0,6
Fan Xiang,0,0,0,0,2
Yuling Cai,0,0,0,0,2
Yingjun Zhang,0,0,0,0,4
Hengzhi Pei,0,0,0,0,2
Ayomide Akinsanya,0,0,0,0,2
Tegan Brennan,0,0,0,0,2
Sayak Saha Roy,0,0,0,0,2
Poojitha Thota,0,0,0,0,2
Krishna Vamsi Naragam,0,0,0,0,2
Shirin Nilizadeh,0,0,0,0,2
Xiangtao Meng,0,0,0,0,2
Lei Ju,0,0,0,0,2
Qingchuan Zhao,0,0,0,0,2
Aravind Cheruvu,0,0,0,0,2
Shravya Kanchi,0,0,0,0,2
Taejoong Chung,0,0,0,0,2
Peng Gao,0,0,0,0,2
Zilong Lin,0,0,0,0,4
Zhengyi Li,0,0,0,0,2
Daniel Paleka,0,0,0,0,2
Will Pearce,0,0,0,0,2
Hyrum S. Anderson,0,0,0,0,2
Kurt Thomas,0,0,0,0,2
Stanley Wu,0,0,0,0,2
Saad Ullah,0,0,0,0,2
Mingji Han,0,0,0,0,2
Saurabh Pujar,0,0,0,0,2
Ayse K. Coskun,0,0,0,0,2
Wei Dai,0,0,0,0,4
Andre Manoel,0,0,0,0,2
Xavier Fernandes,0,0,0,0,2
Anant Kharkar,0,0,0,0,2
Ben Zorn,0,0,0,0,2
Seonhye Park,0,0,0,0,2
Doowon Kim,0,0,0,0,4
Zhuo Ma,0,0,0,0,2
Yilong Yang,0,0,0,0,2
Tong Yang,0,0,0,0,2
Xinjing Liu,0,0,0,0,2
Teng Li,0,0,0,0,2
Yao Ma,0,0,0,0,2
Andrew Yuan,0,0,0,0,2
Cheng Tan,0,0,0,0,2
Jie Wan,0,0,0,0,4
Jianhao Fu,0,0,0,0,2
Lijin Wang,0,0,0,0,4
Ziqi Yang,0,0,0,0,4
Joshua C. Zhao,0,0,0,0,2
Atul Sharma,0,0,0,0,2
Ahmed Roushdy Elkordy,0,0,0,0,2
Yahya H. Ezzeldin,0,0,0,0,2
Salman Avestimehr,0,0,0,0,2
Saurabh Bagchi,0,0,0,0,2
Sarthak Choudhary,0,0,0,0,2
Matan Ben-Tov,0,0,0,0,2
Daniel Deutch,0,0,0,0,2
Nave Frost,0,0,0,0,2
Sambuddha Roy,0,0,0,0,2
Yuwei Wang,0,0,0,0,2
Peng Huang,0,0,0,0,4
Xiaodong Lin,0,0,0,0,2
Li Lu,0,0,0,0,6
Jiahe Lan,0,0,0,0,2
Baochen Yan,0,0,0,0,2
Zheng Yan,0,0,0,0,2
Ruiwen He,0,0,0,0,2
Junning Ze,0,0,0,0,2
Sunpill Kim,0,0,0,0,2
Yong Kiam Tan,0,0,0,0,2
Bora Jeong,0,0,0,0,2
Soumik Mondal,0,0,0,0,2
Khin Mi Mi Aung,0,0,0,0,2
Jae Hong Seo,0,0,0,0,2
Yingqi Li,0,0,0,0,2
Haodi Wang,0,0,0,0,2
Kai Dong,0,0,0,0,2
Zhilei Zhu,0,0,0,0,2
Haotong Qin,0,0,0,0,2
Xiaolin Fang,0,0,0,0,2
Hang Wang,0,0,0,0,2
Zhen Xiang,0,0,0,0,2
David J. Miller,0,0,0,0,2
George Kesidis,0,0,0,0,2
Zhenting Wang,0,0,0,0,2
Xiaoxing Mo,0,0,0,0,2
Yechao Zhang,0,0,0,0,6
Leo Yu Zhang,0,0,0,0,6
Wei Luo,0,0,0,0,2
Nan Sun,0,0,0,0,2
Shang Gao,0,0,0,0,2
Kunbei Cai,0,0,0,0,2
Zhenkai Zhang,0,0,0,0,2
Chen Gong,0,0,0,0,4
Zhou Yang,0,0,0,0,2
Yunpeng Bai,0,0,0,0,2
Junda He,0,0,0,0,2
Jieke Shi,0,0,0,0,2
Kecen Li,0,0,0,0,2
Arunesh Sinha,0,0,0,0,2
Bowen Xu,0,0,0,0,2
Xinwen Hou,0,0,0,0,2
David Lo,0,0,0,0,2
Anuran Makur,0,0,0,0,2
Junjie Sun,0,0,0,0,2
Vasisht Duddu,0,0,0,0,4
N. Asokan,0,0,0,0,6
Ruikai Zhou,0,0,0,0,2
Kang Yang,0,0,0,0,2
Jun Xu,0,0,0,0,2
Jiachen Zhou,0,0,0,0,2
Liangming Xia,0,0,0,0,2
Zeyu Song,0,0,0,0,2
Md. Rafi Ur Rashid,0,0,0,0,2
Andrew C. Cullen,0,0,0,0,2
Paul Montague,0,0,0,0,4
Shijie Liu,0,0,0,0,2
Sarah M. Erfani,0,0,0,0,2
Benjamin I. P. Rubinstein,0,0,0,0,2
Alec F. Diallo,0,0,0,0,2
Paul Patras,0,0,0,0,2
Yanting Wang,0,0,0,0,2
Wei Zou,0,0,0,0,2
Bailin Pan,0,0,0,0,2
Sebastian Szyller,0,0,0,0,4
Ziqi Zhou,0,0,0,0,2
Minghui Li,0,0,0,0,4
Wei Liu,0,0,0,0,2
Wei Wan,0,0,0,0,4
Lulu Xue,0,0,0,0,2
Dezhong Yao,0,0,0,0,2
Ziqi Zhang,0,0,0,0,2
Yifeng Cai,0,0,0,0,2
Bingyan Liu,0,0,0,0,2
Yao Guo,0,0,0,0,2
Xiangqun Chen,0,0,0,0,2
Junyu Shi,0,0,0,0,2
Xiaogeng Liu,0,0,0,0,4
Yutong Wu,0,0,0,0,2
Qingjie Zhang,0,0,0,0,2
Yuan Zhou,0,0,0,0,2
Guowen Xu,0,0,0,0,2
Tillson Galloway,0,0,0,0,2
Kleanthis Karakolios,0,0,0,0,2
Zane Ma,0,0,0,0,2
Roberto Perdisci,0,0,0,0,2
Angelos Keromytis,0,0,0,0,2
Manos Antonakakis,0,0,0,0,2
Cheng Gongye,0,0,0,0,2
Yunsi Fei,0,0,0,0,2
Chamara Sandeepa,0,0,0,0,2
Bartlomiej Siniarski,0,0,0,0,2
Shen Wang,0,0,0,0,4
Madhusanka Liyanage,0,0,0,0,2
Yuhao Wu,0,0,0,0,2
Lakshmi Likhitha Mankali,0,0,0,0,2
Ozgur Sinanoglu,0,0,0,0,2
Satwik Patnaik,0,0,0,0,2
Hongyan Chang,0,0,0,0,2
Brandon Edwards,0,0,0,0,2
Anindya S. Paul,0,0,0,0,2
Qi Tan,0,0,0,0,2
Yi Zhao,0,0,0,0,2
Xiaobing Guo,0,0,0,0,2
Jiawei Li,0,0,0,0,2
Jian Mao,0,0,0,0,2
Jun Zeng,0,0,0,0,2
Qixiao Lin,0,0,0,0,2
Shaowen Feng,0,0,0,0,2
Zhenkai Liang,0,0,0,0,2
Matthew Joslin,0,0,0,0,2
Xian Wang,0,0,0,0,2
Nan Jiang,0,0,0,0,2
Bangjie Sun,0,0,0,0,2
Terence Sim,0,0,0,0,2
Jun Han,0,0,0,0,2
Xinyu Wang,0,0,0,0,2
Wen Wu,0,0,0,0,2
Xuemin (Sherman) Shen,0,0,0,0,2
Wei He,0,0,0,0,2
Zhaoyang Geng,0,0,0,0,2
Wenhao Wang,0,0,0,0,2
Najmeh Nazari,0,0,0,0,2
Hosein Mohammadi Makrani,0,0,0,0,2
Chongzhou Fang,0,0,0,0,2
Hossein Sayadi,0,0,0,0,2
Setareh Rafatirad,0,0,0,0,2
Khaled N. Khasawneh,0,0,0,0,2
Houman Homayoun,0,0,0,0,2
David Oygenblik,0,0,0,0,2
Carter Yagemann,0,0,0,0,2
Joseph Zhang,0,0,0,0,2
Arianna Mastali,0,0,0,0,2
Jeman Park,0,0,0,0,2
Brendan Saltaformaggio,0,0,0,0,2
Shenao Yan,0,0,0,0,2
Yue Duan,0,0,0,0,2
Ruisi Zhang,0,0,0,0,2
Shehzeen Samarah Hussain,0,0,0,0,2
Yuqi Jia,0,0,0,0,2
Runpeng Geng,0,0,0,0,2
Hongwei Li,0,0,0,0,2
Wenbo Jiang,0,0,0,0,2
Matthieu Meeus,0,0,0,0,2
Marek Rei,0,0,0,0,2
Jiacheng Li,0,0,0,0,2
Bruno Ribeiro,0,0,0,0,2
Jingjing Wang,0,0,0,0,2
Lin Long,0,0,0,0,2
Carter Slocum,0,0,0,0,2
Yicheng Zhang,0,0,0,0,2
Erfan Shayegani,0,0,0,0,2
Pedram Zaree,0,0,0,0,2
Nael B. Abu-Ghazaleh,0,0,0,0,2
Jiasi Chen,0,0,0,0,2
Bing Sun,0,0,0,0,2
Jun Sun,0,0,0,0,2
Wayne Koh,0,0,0,0,2
Bochuan Cao,0,0,0,0,2
Jinghui Chen,0,0,0,0,4
Jasper Stang,0,0,0,0,4
Pinji Chen,0,0,0,0,2
Ningping Mou,0,0,0,0,2
Changyue Li,0,0,0,0,2
Hao Lu,0,0,0,0,2
Liehuang Zhu,0,0,0,0,2
Tingwei Zhang,0,0,0,0,2
Rishi D. Jha,0,0,0,0,2
Nirav Diwan,0,0,0,0,2
Ying Yuan,0,0,0,0,2
Giovanni Apruzzese,0,0,0,0,2
Chenxin Sun,0,0,0,0,2
Kai Ye,0,0,0,0,2
Liangcai Su,0,0,0,0,2
Jiayi Zhang,0,0,0,0,2
Chenxiong Qian,0,0,0,0,2
Péter Horváth,0,0,0,0,2
Dirk Lauret,0,0,0,0,2
Zhuoran Liu,0,0,0,0,2
Lejla Batina,0,0,0,0,2
Wei Song,0,0,0,0,2
Cong Cong,0,0,0,0,2
Jingling Xue,0,0,0,0,2
Lu Yan,0,0,0,0,2
Matan Levi,0,0,0,0,2
Aryeh Kontorovich,0,0,0,0,2
Pranav Dahiya,0,0,0,0,2
Sihui Dai,0,0,0,0,2
Jonathan Petit,0,0,0,0,4
Ziqing Yang,0,0,0,0,2
Guoming Zhang,0,0,0,0,2
Xiaohui Ma,0,0,0,0,2
Huiting Zhang,0,0,0,0,2
Zhijie Xiang,0,0,0,0,2
Yanni Yang,0,0,0,0,2
Xiuzhen Cheng,0,0,0,0,2
Giuseppe Calderonio,0,0,0,0,2
Mir Masood Ali,0,0,0,0,2
Jason Polakis,0,0,0,0,2
Zhangchen Xu,0,0,0,0,2
Fengqing Jiang,0,0,0,0,2
Luyao Niu,0,0,0,0,2
Radha Poovendran,0,0,0,0,2
Songze Li,0,0,0,0,2
Yanbo Dai,0,0,0,0,2
Zirui Huang,0,0,0,0,2
Yunlong Mao,0,0,0,0,2
Niklas Risse,0,0,0,0,2
Marcel Böhme,0,0,0,0,2
Longfei Chen,0,0,0,0,2
Yi Rong,0,0,0,0,2
Yuxiao Wu,0,0,0,0,2
Hao Wang,0,0,0,0,2
Wende Tan,0,0,0,0,2
Andrés Fábrega,0,0,0,0,2
Armin Namavari,0,0,0,0,2
Rachit Agarwal,0,0,0,0,2
Thomas Ristenpart,0,0,0,0,2
Jiahao Yu,0,0,0,0,2
Xingwei Lin,0,0,0,0,2
Zheng Yu,0,0,0,0,2
Shunning Liang,0,0,0,0,2
Zach Cameron,0,0,0,0,2
Jian Cui,0,0,0,0,2
Yingjie Zhang,0,0,0,0,2
Guodong Cao,0,0,0,0,2
Yunhe Feng,0,0,0,0,2
Xiaowei Dong,0,0,0,0,2
Meenatchi Sundaram Muthu Selva Annamalai,0,0,0,0,2
Georgi Ganev,0,0,0,0,2
Kathrin Grosse,0,0,0,0,2
Lukas Bieringer,0,0,0,0,2
Tarek R. Besold,0,0,0,0,2
Alexandre Alahi,0,0,0,0,2
Rafael Uetz,0,0,0,0,2
Marco Herzog,0,0,0,0,2
Louis Hackländer,0,0,0,0,2
Simon Schwarz,0,0,0,0,2
Martin Henze,0,0,0,0,2
Tushar Nayan,0,0,0,0,2
Qiming Guo,0,0,0,0,2
Mohammed Alduniawi,0,0,0,0,2
Marcus Botacin,0,0,0,0,2
A. Selcuk Uluagac,0,0,0,0,2
Yuanxin Zhuang,0,0,0,0,2
Chuan Shi,0,0,0,0,2
Mengmei Zhang,0,0,0,0,2
Carlotta Segna,0,0,0,0,2
Minxue Tang,0,0,0,0,2
Anna Dai,0,0,0,0,2
Louis DiValentin,0,0,0,0,2
Aolin Ding,0,0,0,0,2
Amin Hass,0,0,0,0,2
Yiran Chen,0,0,0,0,2
Hai (Helen) Li,0,0,0,0,2
Veena Krish,0,0,0,0,2
Nicola Paoletti,0,0,0,0,2
Milad Kazemi,0,0,0,0,2
Scott A. Smolka,0,0,0,0,2
Brandon Wherry,0,0,0,0,2
Emet Bethany,0,0,0,0,2
Anthony Rios,0,0,0,0,2
Yiting Qu,0,0,0,0,2
Pascal Berrang,0,0,0,0,2
Yang Lou,0,0,0,0,2
Qun Song,0,0,0,0,2
Rui Tan,0,0,0,0,4
Wei-Bin Lee,0,0,0,0,2
Jianping Wang,0,0,0,0,2
Qingzhao Zhang,0,0,0,0,2
Shuowei Jin,0,0,0,0,2
Ruiyang Zhu,0,0,0,0,2
Xumiao Zhang,0,0,0,0,2
Baodong Chen,0,0,0,0,2
Pascal Sikorski,0,0,0,0,2
Syed Ghazanfar Abbas,0,0,0,0,2
Abdulellah Alsaheel,0,0,0,0,2
Arslan Khan,0,0,0,0,2
Guangsheng Zhang,0,0,0,0,2
Bo Liu,0,0,0,0,2
Huan Tian,0,0,0,0,2
Tianqing Zhu,0,0,0,0,2
Ming Ding,0,0,0,0,2
Wanlei Zhou,0,0,0,0,2
Jérémie Dentan,0,0,0,0,2
Arnaud Paran,0,0,0,0,2
Aymen Shabou,0,0,0,0,2
Edoardo Debenedetti,0,0,0,0,2
Shuaifan Jin,0,0,0,0,2
He Wang,0,0,0,0,2
Feng Xiao,0,0,0,0,2
Jiahui Hu,0,0,0,0,2
Wenwen Zhang,0,0,0,0,2
Weijie Fang,0,0,0,0,2
Shuhong Yuan,0,0,0,0,2
Benedikt Lorch,0,0,0,0,2
Rainer Böhme,0,0,0,0,2
Meng Chen,0,0,0,0,2
Xiangyu Xu,0,0,0,0,4
Kun Wang,0,0,0,0,2
Ying He,0,0,0,0,2
Bo Wang,0,0,0,0,2
Shigang Liu,0,0,0,0,2
Di Cao,0,0,0,0,2
Junae Kim,0,0,0,0,2
Tamas Abraham,0,0,0,0,2
Jun Zhang,0,0,0,0,2
Xiang Ling,0,0,0,0,2
Zhiyu Wu,0,0,0,0,2
Bin Wang,0,0,0,0,2
Wei Deng,0,0,0,0,2
Jingzheng Wu,0,0,0,0,2
Tianyue Luo,0,0,0,0,2
Yanjun Wu,0,0,0,0,2
